Iteration,Timestep,StratumID,SecondaryStratumID,TertiaryStratumID,StateClassID,AgeMin,AgeMax,FlowGroupID,FlowMultiplierTypeID,Value,DistributionType,DistributionFrequencyID,DistributionSD,DistributionMin,DistributionMax
,,,,,Grassland: Annual,,,Decay: AG Fast -> AG Slow [Type],,0.0298,,,,,
,,,,,Grassland: Annual,,,Decay: AG Medium -> AG Slow [Type],,0.0078,,,,,
,,,,,Grassland: Annual,,,Decay: AG Very Fast -> AG Slow [Type],,0.087,,,,,
,,,,,Grassland: Annual,,,Decay: BG Fast -> BG Slow [Type],,0.0298,,,,,
,,,,,Grassland: Annual,,,Decay: BG Very Fast -> BG Slow [Type],,0.1039,,,,,
,,,,,Grassland: Annual,,,Decay: Snag Branch -> AG Slow [Type],,0.0149,,,,,
,,,,,Grassland: Annual,,,Decay: Snag Stem -> AG Slow [Type],,0.0039,,,,,
,,,,,Grassland: Annual,,,Emission: AG Fast -> Atmosphere [Type],,0.1455,,,,,
,,,,,Grassland: Annual,,,Emission: AG Medium -> Atmosphere [Type],,0.0379,,,,,
,,,,,Grassland: Annual,,,Emission: AG Slow -> Atmosphere [Type],,0.0199,,,,,
,,,,,Grassland: Annual,,,Emission: AG Very Fast -> Atmosphere [Type],,0.3834,,,,,
,,,,,Grassland: Annual,,,Emission: BG Fast -> Atmosphere [Type],,0.1455,,,,,
,,,,,Grassland: Annual,,,Emission: BG Slow -> Atmosphere [Type],,0.0033,,,,,
,,,,,Grassland: Annual,,,Emission: BG Very Fast -> Atmosphere [Type],,0.507,,,,,
,,,,,Grassland: Annual,,,Emission: Snag Branch -> Atmosphere [Type],,0.0728,,,,,
,,,,,Grassland: Annual,,,Emission: Snag Stem -> Atmosphere [Type],,0.019,,,,,
,,,,,Grassland: Annual,,,Transfer: AG Slow -> BG Slow [Type],,0.006,,,,,
,,,,,Grassland: Annual,,,Transfer: Snag Branch -> AG Fast [Type],,0.1,,,,,
,,,,,Grassland: Annual,,,Transfer: Snag Stem -> AG Medium [Type],,0.032,,,,,
,,,,,Grassland: Natural Perennial,,,Decay: AG Fast -> AG Slow [Type],,0.0145,,,,,
,,,,,Grassland: Natural Perennial,,,Decay: AG Medium -> AG Slow [Type],,0.0038,,,,,
,,,,,Grassland: Natural Perennial,,,Decay: AG Very Fast -> AG Slow [Type],,0.0315,,,,,
,,,,,Grassland: Natural Perennial,,,Decay: BG Fast -> BG Slow [Type],,0.0145,,,,,
,,,,,Grassland: Natural Perennial,,,Decay: BG Very Fast -> BG Slow [Type],,0.0504,,,,,
,,,,,Grassland: Natural Perennial,,,Decay: Snag Branch -> AG Slow [Type],,0.0072,,,,,
,,,,,Grassland: Natural Perennial,,,Decay: Snag Stem -> AG Slow [Type],,0.0019,,,,,
,,,,,Grassland: Natural Perennial,,,Emission: AG Fast -> Atmosphere [Type],,0.0707,,,,,
,,,,,Grassland: Natural Perennial,,,Emission: AG Medium -> Atmosphere [Type],,0.0184,,,,,
,,,,,Grassland: Natural Perennial,,,Emission: AG Slow -> Atmosphere [Type],,0.0072,,,,,
,,,,,Grassland: Natural Perennial,,,Emission: AG Very Fast -> Atmosphere [Type],,0.1389,,,,,
,,,,,Grassland: Natural Perennial,,,Emission: BG Fast -> Atmosphere [Type],,0.0707,,,,,
,,,,,Grassland: Natural Perennial,,,Emission: BG Slow -> Atmosphere [Type],,0.0033,,,,,
,,,,,Grassland: Natural Perennial,,,Emission: BG Very Fast -> Atmosphere [Type],,0.2462,,,,,
,,,,,Grassland: Natural Perennial,,,Emission: Snag Branch -> Atmosphere [Type],,0.0353,,,,,
,,,,,Grassland: Natural Perennial,,,Emission: Snag Stem -> Atmosphere [Type],,0.0092,,,,,
,,,,,Grassland: Natural Perennial,,,Transfer: AG Slow -> BG Slow [Type],,0.006,,,,,
,,,,,Grassland: Natural Perennial,,,Transfer: Snag Branch -> AG Fast [Type],,0.1,,,,,
,,,,,Grassland: Natural Perennial,,,Transfer: Snag Stem -> AG Medium [Type],,0.032,,,,,
,,,,,Grassland: Irrigated Perennial,,,Decay: AG Fast -> AG Slow [Type],,0.0145,,,,,
,,,,,Grassland: Irrigated Perennial,,,Decay: AG Medium -> AG Slow [Type],,0.0038,,,,,
,,,,,Grassland: Irrigated Perennial,,,Decay: AG Very Fast -> AG Slow [Type],,0.0315,,,,,
,,,,,Grassland: Irrigated Perennial,,,Decay: BG Fast -> BG Slow [Type],,0.0145,,,,,
,,,,,Grassland: Irrigated Perennial,,,Decay: BG Very Fast -> BG Slow [Type],,0.0504,,,,,
,,,,,Grassland: Irrigated Perennial,,,Decay: Snag Branch -> AG Slow [Type],,0.0072,,,,,
,,,,,Grassland: Irrigated Perennial,,,Decay: Snag Stem -> AG Slow [Type],,0.0019,,,,,
,,,,,Grassland: Irrigated Perennial,,,Emission: AG Fast -> Atmosphere [Type],,0.0707,,,,,
,,,,,Grassland: Irrigated Perennial,,,Emission: AG Medium -> Atmosphere [Type],,0.0184,,,,,
,,,,,Grassland: Irrigated Perennial,,,Emission: AG Slow -> Atmosphere [Type],,0.0072,,,,,
,,,,,Grassland: Irrigated Perennial,,,Emission: AG Very Fast -> Atmosphere [Type],,0.1389,,,,,
,,,,,Grassland: Irrigated Perennial,,,Emission: BG Fast -> Atmosphere [Type],,0.0707,,,,,
,,,,,Grassland: Irrigated Perennial,,,Emission: BG Slow -> Atmosphere [Type],,0.0033,,,,,
,,,,,Grassland: Irrigated Perennial,,,Emission: BG Very Fast -> Atmosphere [Type],,0.2462,,,,,
,,,,,Grassland: Irrigated Perennial,,,Emission: Snag Branch -> Atmosphere [Type],,0.0353,,,,,
,,,,,Grassland: Irrigated Perennial,,,Emission: Snag Stem -> Atmosphere [Type],,0.0092,,,,,
,,,,,Grassland: Irrigated Perennial,,,Transfer: AG Slow -> BG Slow [Type],,0.006,,,,,
,,,,,Grassland: Irrigated Perennial,,,Transfer: Snag Branch -> AG Fast [Type],,0.1,,,,,
,,,,,Grassland: Irrigated Perennial,,,Transfer: Snag Stem -> AG Medium [Type],,0.032,,,,,
,,,,,Shrubland: Native Sage Steppe,,,Decay: AG Fast -> AG Slow [Type],,0.024,,,,,
,,,,,Shrubland: Native Sage Steppe,,,Decay: AG Medium -> AG Slow [Type],,0.0062,,,,,
,,,,,Shrubland: Native Sage Steppe,,,Decay: AG Very Fast -> AG Slow [Type],,0.064,,,,,
,,,,,Shrubland: Native Sage Steppe,,,Decay: BG Fast -> BG Slow [Type],,0.024,,,,,
,,,,,Shrubland: Native Sage Steppe,,,Decay: BG Very Fast -> BG Slow [Type],,0.0835,,,,,
,,,,,Shrubland: Native Sage Steppe,,,Decay: Snag Branch -> AG Slow [Type],,0.012,,,,,
,,,,,Shrubland: Native Sage Steppe,,,Decay: Snag Stem -> AG Slow [Type],,0.0031,,,,,
,,,,,Shrubland: Native Sage Steppe,,,Emission: AG Fast -> Atmosphere [Type],,0.117,,,,,
,,,,,Shrubland: Native Sage Steppe,,,Emission: AG Medium -> Atmosphere [Type],,0.0305,,,,,
,,,,,Shrubland: Native Sage Steppe,,,Emission: AG Slow -> Atmosphere [Type],,0.0146,,,,,
,,,,,Shrubland: Native Sage Steppe,,,Emission: AG Very Fast -> Atmosphere [Type],,0.2821,,,,,
,,,,,Shrubland: Native Sage Steppe,,,Emission: BG Fast -> Atmosphere [Type],,0.117,,,,,
,,,,,Shrubland: Native Sage Steppe,,,Emission: BG Slow -> Atmosphere [Type],,0.0033,,,,,
,,,,,Shrubland: Native Sage Steppe,,,Emission: BG Very Fast -> Atmosphere [Type],,0.4076,,,,,
,,,,,Shrubland: Native Sage Steppe,,,Emission: Snag Branch -> Atmosphere [Type],,0.0585,,,,,
,,,,,Shrubland: Native Sage Steppe,,,Emission: Snag Stem -> Atmosphere [Type],,0.0152,,,,,
,,,,,Shrubland: Native Sage Steppe,,,Transfer: AG Slow -> BG Slow [Type],,0.006,,,,,
,,,,,Shrubland: Native Sage Steppe,,,Transfer: Snag Branch -> AG Fast [Type],,0.1,,,,,
,,,,,Shrubland: Native Sage Steppe,,,Transfer: Snag Stem -> AG Medium [Type],,0.032,,,,,
,,,,,Shrubland: Invaded Sage Steppe,,,Decay: AG Fast -> AG Slow [Type],,0.024,,,,,
,,,,,Shrubland: Invaded Sage Steppe,,,Decay: AG Medium -> AG Slow [Type],,0.0062,,,,,
,,,,,Shrubland: Invaded Sage Steppe,,,Decay: AG Very Fast -> AG Slow [Type],,0.064,,,,,
,,,,,Shrubland: Invaded Sage Steppe,,,Decay: BG Fast -> BG Slow [Type],,0.024,,,,,
,,,,,Shrubland: Invaded Sage Steppe,,,Decay: BG Very Fast -> BG Slow [Type],,0.0835,,,,,
,,,,,Shrubland: Invaded Sage Steppe,,,Decay: Snag Branch -> AG Slow [Type],,0.012,,,,,
,,,,,Shrubland: Invaded Sage Steppe,,,Decay: Snag Stem -> AG Slow [Type],,0.0031,,,,,
,,,,,Shrubland: Invaded Sage Steppe,,,Emission: AG Fast -> Atmosphere [Type],,0.117,,,,,
,,,,,Shrubland: Invaded Sage Steppe,,,Emission: AG Medium -> Atmosphere [Type],,0.0305,,,,,
,,,,,Shrubland: Invaded Sage Steppe,,,Emission: AG Slow -> Atmosphere [Type],,0.0146,,,,,
,,,,,Shrubland: Invaded Sage Steppe,,,Emission: AG Very Fast -> Atmosphere [Type],,0.2821,,,,,
,,,,,Shrubland: Invaded Sage Steppe,,,Emission: BG Fast -> Atmosphere [Type],,0.117,,,,,
,,,,,Shrubland: Invaded Sage Steppe,,,Emission: BG Slow -> Atmosphere [Type],,0.0033,,,,,
,,,,,Shrubland: Invaded Sage Steppe,,,Emission: BG Very Fast -> Atmosphere [Type],,0.4076,,,,,
,,,,,Shrubland: Invaded Sage Steppe,,,Emission: Snag Branch -> Atmosphere [Type],,0.0585,,,,,
,,,,,Shrubland: Invaded Sage Steppe,,,Emission: Snag Stem -> Atmosphere [Type],,0.0152,,,,,
,,,,,Shrubland: Invaded Sage Steppe,,,Transfer: AG Slow -> BG Slow [Type],,0.006,,,,,
,,,,,Shrubland: Invaded Sage Steppe,,,Transfer: Snag Branch -> AG Fast [Type],,0.1,,,,,
,,,,,Shrubland: Invaded Sage Steppe,,,Transfer: Snag Stem -> AG Medium [Type],,0.032,,,,,
,,,,,Shrubland: Sage,,,Decay: AG Fast -> AG Slow [Type],,0.0206,,,,,
,,,,,Shrubland: Sage,,,Decay: AG Medium -> AG Slow [Type],,0.0054,,,,,
,,,,,Shrubland: Sage,,,Decay: AG Very Fast -> AG Slow [Type],,0.0518,,,,,
,,,,,Shrubland: Sage,,,Decay: BG Fast -> BG Slow [Type],,0.0206,,,,,
,,,,,Shrubland: Sage,,,Decay: BG Very Fast -> BG Slow [Type],,0.0718,,,,,
,,,,,Shrubland: Sage,,,Decay: Snag Branch -> AG Slow [Type],,0.0103,,,,,
,,,,,Shrubland: Sage,,,Decay: Snag Stem -> AG Slow [Type],,0.0027,,,,,
,,,,,Shrubland: Sage,,,Emission: AG Fast -> Atmosphere [Type],,0.1006,,,,,
,,,,,Shrubland: Sage,,,Emission: AG Medium -> Atmosphere [Type],,0.0262,,,,,
,,,,,Shrubland: Sage,,,Emission: AG Slow -> Atmosphere [Type],,0.0118,,,,,
,,,,,Shrubland: Sage,,,Emission: AG Very Fast -> Atmosphere [Type],,0.2281,,,,,
,,,,,Shrubland: Sage,,,Emission: BG Fast -> Atmosphere [Type],,0.1006,,,,,
,,,,,Shrubland: Sage,,,Emission: BG Slow -> Atmosphere [Type],,0.0033,,,,,
,,,,,Shrubland: Sage,,,Emission: BG Very Fast -> Atmosphere [Type],,0.3504,,,,,
,,,,,Shrubland: Sage,,,Emission: Snag Branch -> Atmosphere [Type],,0.0503,,,,,
,,,,,Shrubland: Sage,,,Emission: Snag Stem -> Atmosphere [Type],,0.0131,,,,,
,,,,,Shrubland: Sage,,,Transfer: AG Slow -> BG Slow [Type],,0.006,,,,,
,,,,,Shrubland: Sage,,,Transfer: Snag Branch -> AG Fast [Type],,0.1,,,,,
,,,,,Shrubland: Sage,,,Transfer: Snag Stem -> AG Medium [Type],,0.032,,,,,
,,,,,Shrubland: Non-sage,,,Decay: AG Fast -> AG Slow [Type],,0.024,,,,,
,,,,,Shrubland: Non-sage,,,Decay: AG Medium -> AG Slow [Type],,0.0062,,,,,
,,,,,Shrubland: Non-sage,,,Decay: AG Very Fast -> AG Slow [Type],,0.064,,,,,
,,,,,Shrubland: Non-sage,,,Decay: BG Fast -> BG Slow [Type],,0.024,,,,,
,,,,,Shrubland: Non-sage,,,Decay: BG Very Fast -> BG Slow [Type],,0.0835,,,,,
,,,,,Shrubland: Non-sage,,,Decay: Snag Branch -> AG Slow [Type],,0.012,,,,,
,,,,,Shrubland: Non-sage,,,Decay: Snag Stem -> AG Slow [Type],,0.0031,,,,,
,,,,,Shrubland: Non-sage,,,Emission: AG Fast -> Atmosphere [Type],,0.117,,,,,
,,,,,Shrubland: Non-sage,,,Emission: AG Medium -> Atmosphere [Type],,0.0305,,,,,
,,,,,Shrubland: Non-sage,,,Emission: AG Slow -> Atmosphere [Type],,0.0146,,,,,
,,,,,Shrubland: Non-sage,,,Emission: AG Very Fast -> Atmosphere [Type],,0.2821,,,,,
,,,,,Shrubland: Non-sage,,,Emission: BG Fast -> Atmosphere [Type],,0.117,,,,,
,,,,,Shrubland: Non-sage,,,Emission: BG Slow -> Atmosphere [Type],,0.0033,,,,,
,,,,,Shrubland: Non-sage,,,Emission: BG Very Fast -> Atmosphere [Type],,0.4076,,,,,
,,,,,Shrubland: Non-sage,,,Emission: Snag Branch -> Atmosphere [Type],,0.0585,,,,,
,,,,,Shrubland: Non-sage,,,Emission: Snag Stem -> Atmosphere [Type],,0.0152,,,,,
,,,,,Shrubland: Non-sage,,,Transfer: AG Slow -> BG Slow [Type],,0.006,,,,,
,,,,,Shrubland: Non-sage,,,Transfer: Snag Branch -> AG Fast [Type],,0.1,,,,,
,,,,,Shrubland: Non-sage,,,Transfer: Snag Stem -> AG Medium [Type],,0.032,,,,,
,,,,,Shrubland: Chaparral,,,Decay: AG Fast -> AG Slow [Type],,0.0298,,,,,
,,,,,Shrubland: Chaparral,,,Decay: AG Medium -> AG Slow [Type],,0.0078,,,,,
,,,,,Shrubland: Chaparral,,,Decay: AG Very Fast -> AG Slow [Type],,0.087,,,,,
,,,,,Shrubland: Chaparral,,,Decay: BG Fast -> BG Slow [Type],,0.0298,,,,,
,,,,,Shrubland: Chaparral,,,Decay: BG Very Fast -> BG Slow [Type],,0.1039,,,,,
,,,,,Shrubland: Chaparral,,,Decay: Snag Branch -> AG Slow [Type],,0.0149,,,,,
,,,,,Shrubland: Chaparral,,,Decay: Snag Stem -> AG Slow [Type],,0.0039,,,,,
,,,,,Shrubland: Chaparral,,,Emission: AG Fast -> Atmosphere [Type],,0.1455,,,,,
,,,,,Shrubland: Chaparral,,,Emission: AG Medium -> Atmosphere [Type],,0.0379,,,,,
,,,,,Shrubland: Chaparral,,,Emission: AG Slow -> Atmosphere [Type],,0.0199,,,,,
,,,,,Shrubland: Chaparral,,,Emission: AG Very Fast -> Atmosphere [Type],,0.3834,,,,,
,,,,,Shrubland: Chaparral,,,Emission: BG Fast -> Atmosphere [Type],,0.1455,,,,,
,,,,,Shrubland: Chaparral,,,Emission: BG Slow -> Atmosphere [Type],,0.0033,,,,,
,,,,,Shrubland: Chaparral,,,Emission: BG Very Fast -> Atmosphere [Type],,0.507,,,,,
,,,,,Shrubland: Chaparral,,,Emission: Snag Branch -> Atmosphere [Type],,0.0728,,,,,
,,,,,Shrubland: Chaparral,,,Emission: Snag Stem -> Atmosphere [Type],,0.019,,,,,
,,,,,Shrubland: Chaparral,,,Transfer: AG Slow -> BG Slow [Type],,0.006,,,,,
,,,,,Shrubland: Chaparral,,,Transfer: Snag Branch -> AG Fast [Type],,0.1,,,,,
,,,,,Shrubland: Chaparral,,,Transfer: Snag Stem -> AG Medium [Type],,0.032,,,,,
,,,,,Shrubland: Post Fire Shrub,,,Decay: AG Fast -> AG Slow [Type],,0.0251,,,,,
,,,,,Shrubland: Post Fire Shrub,,,Decay: AG Medium -> AG Slow [Type],,0.0065,,,,,
,,,,,Shrubland: Post Fire Shrub,,,Decay: AG Very Fast -> AG Slow [Type],,0.0683,,,,,
,,,,,Shrubland: Post Fire Shrub,,,Decay: BG Fast -> BG Slow [Type],,0.0251,,,,,
,,,,,Shrubland: Post Fire Shrub,,,Decay: BG Very Fast -> BG Slow [Type],,0.0874,,,,,
,,,,,Shrubland: Post Fire Shrub,,,Decay: Snag Branch -> AG Slow [Type],,0.0125,,,,,
,,,,,Shrubland: Post Fire Shrub,,,Decay: Snag Stem -> AG Slow [Type],,0.0033,,,,,
,,,,,Shrubland: Post Fire Shrub,,,Emission: AG Fast -> Atmosphere [Type],,0.1225,,,,,
,,,,,Shrubland: Post Fire Shrub,,,Emission: AG Medium -> Atmosphere [Type],,0.0319,,,,,
,,,,,Shrubland: Post Fire Shrub,,,Emission: AG Slow -> Atmosphere [Type],,0.0156,,,,,
,,,,,Shrubland: Post Fire Shrub,,,Emission: AG Very Fast -> Atmosphere [Type],,0.3008,,,,,
,,,,,Shrubland: Post Fire Shrub,,,Emission: BG Fast -> Atmosphere [Type],,0.1225,,,,,
,,,,,Shrubland: Post Fire Shrub,,,Emission: BG Slow -> Atmosphere [Type],,0.0033,,,,,
,,,,,Shrubland: Post Fire Shrub,,,Emission: BG Very Fast -> Atmosphere [Type],,0.4267,,,,,
,,,,,Shrubland: Post Fire Shrub,,,Emission: Snag Branch -> Atmosphere [Type],,0.0612,,,,,
,,,,,Shrubland: Post Fire Shrub,,,Emission: Snag Stem -> Atmosphere [Type],,0.016,,,,,
,,,,,Shrubland: Post Fire Shrub,,,Transfer: AG Slow -> BG Slow [Type],,0.006,,,,,
,,,,,Shrubland: Post Fire Shrub,,,Transfer: Snag Branch -> AG Fast [Type],,0.1,,,,,
,,,,,Shrubland: Post Fire Shrub,,,Transfer: Snag Stem -> AG Medium [Type],,0.032,,,,,
,,,,,Grassland: Annual,,,Net Growth Non Forest: Atmosphere -> Coarse Roots [Type],,0,,,,,
,,,,,Grassland: Annual,,,Net Growth Non Forest: Atmosphere -> Fine Roots [Type],,0.565338263,,,,,
,,,,,Grassland: Annual,,,Net Growth Non Forest: Atmosphere -> Foliage [Type],,0.434661737,,,,,
,,,,,Grassland: Annual,,,Net Growth Non Forest: Atmosphere -> Merchantable [Type],,0,,,,,
,,,,,Grassland: Annual,,,Net Growth Non Forest: Atmosphere -> Other Wood [Type],,0,,,,,
,,,,,Grassland: Natural Perennial,,,Net Growth Non Forest: Atmosphere -> Coarse Roots [Type],,0,,,,,
,,,,,Grassland: Natural Perennial,,,Net Growth Non Forest: Atmosphere -> Fine Roots [Type],,0.552818947,,,,,
,,,,,Grassland: Natural Perennial,,,Net Growth Non Forest: Atmosphere -> Foliage [Type],,0.447181053,,,,,
,,,,,Grassland: Natural Perennial,,,Net Growth Non Forest: Atmosphere -> Merchantable [Type],,0,,,,,
,,,,,Grassland: Natural Perennial,,,Net Growth Non Forest: Atmosphere -> Other Wood [Type],,0,,,,,
,,,,,Grassland: Irrigated Perennial,,,Net Growth Non Forest: Atmosphere -> Coarse Roots [Type],,0,,,,,
,,,,,Grassland: Irrigated Perennial,,,Net Growth Non Forest: Atmosphere -> Fine Roots [Type],,0.559618684,,,,,
,,,,,Grassland: Irrigated Perennial,,,Net Growth Non Forest: Atmosphere -> Foliage [Type],,0.440381316,,,,,
,,,,,Grassland: Irrigated Perennial,,,Net Growth Non Forest: Atmosphere -> Merchantable [Type],,0,,,,,
,,,,,Grassland: Irrigated Perennial,,,Net Growth Non Forest: Atmosphere -> Other Wood [Type],,0,,,,,
,,,,,Shrubland: Native Sage Steppe,,,Net Growth Non Forest: Atmosphere -> Coarse Roots [Type],,0,,,,,
,,,,,Shrubland: Native Sage Steppe,,,Net Growth Non Forest: Atmosphere -> Fine Roots [Type],,0.3509,,,,,
,,,,,Shrubland: Native Sage Steppe,,,Net Growth Non Forest: Atmosphere -> Foliage [Type],,0.4395,,,,,
,,,,,Shrubland: Native Sage Steppe,,,Net Growth Non Forest: Atmosphere -> Merchantable [Type],,0,,,,,
,,,,,Shrubland: Native Sage Steppe,,,Net Growth Non Forest: Atmosphere -> Other Wood [Type],,0.2096,,,,,
,,,,,Shrubland: Invaded Sage Steppe,,,Net Growth Non Forest: Atmosphere -> Coarse Roots [Type],,0,,,,,
,,,,,Shrubland: Invaded Sage Steppe,,,Net Growth Non Forest: Atmosphere -> Fine Roots [Type],,0.3509,,,,,
,,,,,Shrubland: Invaded Sage Steppe,,,Net Growth Non Forest: Atmosphere -> Foliage [Type],,0.4395,,,,,
,,,,,Shrubland: Invaded Sage Steppe,,,Net Growth Non Forest: Atmosphere -> Merchantable [Type],,0,,,,,
,,,,,Shrubland: Invaded Sage Steppe,,,Net Growth Non Forest: Atmosphere -> Other Wood [Type],,0.2096,,,,,
,,,,,Shrubland: Sage,,,Net Growth Non Forest: Atmosphere -> Coarse Roots [Type],,0,,,,,
,,,,,Shrubland: Sage,,,Net Growth Non Forest: Atmosphere -> Fine Roots [Type],,0.345,,,,,
,,,,,Shrubland: Sage,,,Net Growth Non Forest: Atmosphere -> Foliage [Type],,0.4492,,,,,
,,,,,Shrubland: Sage,,,Net Growth Non Forest: Atmosphere -> Merchantable [Type],,0,,,,,
,,,,,Shrubland: Sage,,,Net Growth Non Forest: Atmosphere -> Other Wood [Type],,0.2057,,,,,
,,,,,Shrubland: Non-sage,,,Net Growth Non Forest: Atmosphere -> Coarse Roots [Type],,0,,,,,
,,,,,Shrubland: Non-sage,,,Net Growth Non Forest: Atmosphere -> Fine Roots [Type],,0.3443,,,,,
,,,,,Shrubland: Non-sage,,,Net Growth Non Forest: Atmosphere -> Foliage [Type],,0.4505,,,,,
,,,,,Shrubland: Non-sage,,,Net Growth Non Forest: Atmosphere -> Merchantable [Type],,0,,,,,
,,,,,Shrubland: Non-sage,,,Net Growth Non Forest: Atmosphere -> Other Wood [Type],,0.2052,,,,,
,,,,,Shrubland: Chaparral,,,Net Growth Non Forest: Atmosphere -> Coarse Roots [Type],,0,,,,,
,,,,,Shrubland: Chaparral,,,Net Growth Non Forest: Atmosphere -> Fine Roots [Type],,0.3553,,,,,
,,,,,Shrubland: Chaparral,,,Net Growth Non Forest: Atmosphere -> Foliage [Type],,0.4325,,,,,
,,,,,Shrubland: Chaparral,,,Net Growth Non Forest: Atmosphere -> Merchantable [Type],,0,,,,,
,,,,,Shrubland: Chaparral,,,Net Growth Non Forest: Atmosphere -> Other Wood [Type],,0.2122,,,,,
,,,,,Shrubland: Post Fire Shrub,,,Net Growth Non Forest: Atmosphere -> Coarse Roots [Type],,0,,,,,
,,,,,Shrubland: Post Fire Shrub,,,Net Growth Non Forest: Atmosphere -> Fine Roots [Type],,0.3443,,,,,
,,,,,Shrubland: Post Fire Shrub,,,Net Growth Non Forest: Atmosphere -> Foliage [Type],,0.4505,,,,,
,,,,,Shrubland: Post Fire Shrub,,,Net Growth Non Forest: Atmosphere -> Merchantable [Type],,0,,,,,
,,,,,Shrubland: Post Fire Shrub,,,Net Growth Non Forest: Atmosphere -> Other Wood [Type],,0.2052,,,,,
,,,,,Grassland: Annual,,,Biomass Turnover: Coarse Roots -> AG Fast [Type],,0.01,,,,,
,,,,,Grassland: Annual,,,Biomass Turnover: Coarse Roots -> BG Fast [Type],,0.01,,,,,
,,,,,Grassland: Annual,,,Biomass Turnover: Fine Roots -> AG Very Fast [Type],,0.5,,,,,
,,,,,Grassland: Annual,,,Biomass Turnover: Fine Roots -> BG Very Fast [Type],,0.5,,,,,
,,,,,Grassland: Annual,,,Biomass Turnover: Foliage -> AG Very Fast [Type],,1,,,,,
,,,,,Grassland: Annual,,,Biomass Turnover: Merchantable -> Snag Stems [Type],,0.0045,,,,,
,,,,,Grassland: Annual,,,Biomass Turnover: Other Wood -> AG Fast [Type],,0.03,,,,,
,,,,,Grassland: Annual,,,Biomass Turnover: Other Wood -> Snag Branches [Type],,0.01,,,,,
,,,,,Grassland: Natural Perennial,,,Biomass Turnover: Coarse Roots -> AG Fast [Type],,0.01,,,,,
,,,,,Grassland: Natural Perennial,,,Biomass Turnover: Coarse Roots -> BG Fast [Type],,0.01,,,,,
,,,,,Grassland: Natural Perennial,,,Biomass Turnover: Fine Roots -> AG Very Fast [Type],,0,,,,,
,,,,,Grassland: Natural Perennial,,,Biomass Turnover: Fine Roots -> BG Very Fast [Type],,0.5113,,,,,
,,,,,Grassland: Natural Perennial,,,Biomass Turnover: Foliage -> AG Very Fast [Type],,0.5085,,,,,
,,,,,Grassland: Natural Perennial,,,Biomass Turnover: Merchantable -> Snag Stems [Type],,0.0045,,,,,
,,,,,Grassland: Natural Perennial,,,Biomass Turnover: Other Wood -> AG Fast [Type],,0.03,,,,,
,,,,,Grassland: Natural Perennial,,,Biomass Turnover: Other Wood -> Snag Branches [Type],,0.01,,,,,
,,,,,Grassland: Irrigated Perennial,,,Biomass Turnover: Coarse Roots -> AG Fast [Type],,0.01,,,,,
,,,,,Grassland: Irrigated Perennial,,,Biomass Turnover: Coarse Roots -> BG Fast [Type],,0.01,,,,,
,,,,,Grassland: Irrigated Perennial,,,Biomass Turnover: Fine Roots -> AG Very Fast [Type],,0.2617,,,,,
,,,,,Grassland: Irrigated Perennial,,,Biomass Turnover: Fine Roots -> BG Very Fast [Type],,0.2617,,,,,
,,,,,Grassland: Irrigated Perennial,,,Biomass Turnover: Foliage -> AG Very Fast [Type],,0.5159,,,,,
,,,,,Grassland: Irrigated Perennial,,,Biomass Turnover: Merchantable -> Snag Stems [Type],,0.0045,,,,,
,,,,,Grassland: Irrigated Perennial,,,Biomass Turnover: Other Wood -> AG Fast [Type],,0.03,,,,,
,,,,,Grassland: Irrigated Perennial,,,Biomass Turnover: Other Wood -> Snag Branches [Type],,0.01,,,,,
,,,,,Shrubland: Native Sage Steppe,,,Biomass Turnover: Coarse Roots -> AG Fast [Type],,0.01,,,,,
,,,,,Shrubland: Native Sage Steppe,,,Biomass Turnover: Coarse Roots -> BG Fast [Type],,0.01,,,,,
,,,,,Shrubland: Native Sage Steppe,,,Biomass Turnover: Fine Roots -> AG Very Fast [Type],,0.25825,,,,,
,,,,,Shrubland: Native Sage Steppe,,,Biomass Turnover: Fine Roots -> BG Very Fast [Type],,0.25825,,,,,
,,,,,Shrubland: Native Sage Steppe,,,Biomass Turnover: Foliage -> AG Very Fast [Type],,0.5156,,,,,
,,,,,Shrubland: Native Sage Steppe,,,Biomass Turnover: Merchantable -> Snag Stems [Type],,0.0045,,,,,
,,,,,Shrubland: Native Sage Steppe,,,Biomass Turnover: Other Wood -> AG Fast [Type],,0.339,,,,,
,,,,,Shrubland: Native Sage Steppe,,,Biomass Turnover: Other Wood -> Snag Branches [Type],,0.3,,,,,
,,,,,Shrubland: Invaded Sage Steppe,,,Biomass Turnover: Coarse Roots -> AG Fast [Type],,0.01,,,,,
,,,,,Shrubland: Invaded Sage Steppe,,,Biomass Turnover: Coarse Roots -> BG Fast [Type],,0.01,,,,,
,,,,,Shrubland: Invaded Sage Steppe,,,Biomass Turnover: Fine Roots -> AG Very Fast [Type],,0.129125,,,,,
,,,,,Shrubland: Invaded Sage Steppe,,,Biomass Turnover: Fine Roots -> BG Very Fast [Type],,0.129125,,,,,
,,,,,Shrubland: Invaded Sage Steppe,,,Biomass Turnover: Foliage -> AG Very Fast [Type],,0.5156,,,,,
,,,,,Shrubland: Invaded Sage Steppe,,,Biomass Turnover: Merchantable -> Snag Stems [Type],,0.0045,,,,,
,,,,,Shrubland: Invaded Sage Steppe,,,Biomass Turnover: Other Wood -> AG Fast [Type],,0.339,,,,,
,,,,,Shrubland: Invaded Sage Steppe,,,Biomass Turnover: Other Wood -> Snag Branches [Type],,0.3,,,,,
,,,,,Shrubland: Sage,,,Biomass Turnover: Coarse Roots -> AG Fast [Type],,0.01,,,,,
,,,,,Shrubland: Sage,,,Biomass Turnover: Coarse Roots -> BG Fast [Type],,0.01,,,,,
,,,,,Shrubland: Sage,,,Biomass Turnover: Fine Roots -> AG Very Fast [Type],,0.2549,,,,,
,,,,,Shrubland: Sage,,,Biomass Turnover: Fine Roots -> BG Very Fast [Type],,0.2549,,,,,
,,,,,Shrubland: Sage,,,Biomass Turnover: Foliage -> AG Very Fast [Type],,0.5094,,,,,
,,,,,Shrubland: Sage,,,Biomass Turnover: Merchantable -> Snag Stems [Type],,0.0045,,,,,
,,,,,Shrubland: Sage,,,Biomass Turnover: Other Wood -> AG Fast [Type],,0.3343,,,,,
,,,,,Shrubland: Sage,,,Biomass Turnover: Other Wood -> Snag Branches [Type],,0.3,,,,,
,,,,,Shrubland: Non-sage,,,Biomass Turnover: Coarse Roots -> AG Fast [Type],,0,,,,,
,,,,,Shrubland: Non-sage,,,Biomass Turnover: Coarse Roots -> BG Fast [Type],,0.01,,,,,
,,,,,Shrubland: Non-sage,,,Biomass Turnover: Fine Roots -> AG Very Fast [Type],,0.01,,,,,
,,,,,Shrubland: Non-sage,,,Biomass Turnover: Fine Roots -> BG Very Fast [Type],,0.25595,,,,,
,,,,,Shrubland: Non-sage,,,Biomass Turnover: Foliage -> AG Very Fast [Type],,0.25595,,,,,
,,,,,Shrubland: Non-sage,,,Biomass Turnover: Merchantable -> Snag Stems [Type],,0.5079,,,,,
,,,,,Shrubland: Non-sage,,,Biomass Turnover: Other Wood -> AG Fast [Type],,0.0045,,,,,
,,,,,Shrubland: Non-sage,,,Biomass Turnover: Other Wood -> Snag Branches [Type],,0.3346,,,,,
,,,,,Shrubland: Chaparral,,,Biomass Turnover: Coarse Roots -> AG Fast [Type],,0.01,,,,,
,,,,,Shrubland: Chaparral,,,Biomass Turnover: Coarse Roots -> BG Fast [Type],,0.01,,,,,
,,,,,Shrubland: Chaparral,,,Biomass Turnover: Fine Roots -> AG Very Fast [Type],,0.2626,,,,,
,,,,,Shrubland: Chaparral,,,Biomass Turnover: Fine Roots -> BG Very Fast [Type],,0.2626,,,,,
,,,,,Shrubland: Chaparral,,,Biomass Turnover: Foliage -> AG Very Fast [Type],,0.524,,,,,
,,,,,Shrubland: Chaparral,,,Biomass Turnover: Merchantable -> Snag Stems [Type],,0.0045,,,,,
,,,,,Shrubland: Chaparral,,,Biomass Turnover: Other Wood -> AG Fast [Type],,0.3437,,,,,
,,,,,Shrubland: Chaparral,,,Biomass Turnover: Other Wood -> Snag Branches [Type],,0.3,,,,,
,,,,,Shrubland: Post Fire Shrub,,,Biomass Turnover: Coarse Roots -> AG Fast [Type],,0.01,,,,,
,,,,,Shrubland: Post Fire Shrub,,,Biomass Turnover: Coarse Roots -> BG Fast [Type],,0.01,,,,,
,,,,,Shrubland: Post Fire Shrub,,,Biomass Turnover: Fine Roots -> AG Very Fast [Type],,0.25595,,,,,
,,,,,Shrubland: Post Fire Shrub,,,Biomass Turnover: Fine Roots -> BG Very Fast [Type],,0.25595,,,,,
,,,,,Shrubland: Post Fire Shrub,,,Biomass Turnover: Foliage -> AG Very Fast [Type],,0.5079,,,,,
,,,,,Shrubland: Post Fire Shrub,,,Biomass Turnover: Merchantable -> Snag Stems [Type],,0.0045,,,,,
,,,,,Shrubland: Post Fire Shrub,,,Biomass Turnover: Other Wood -> AG Fast [Type],,0.3346,,,,,
,,,,,Shrubland: Post Fire Shrub,,,Biomass Turnover: Other Wood -> Snag Branches [Type],,0.3,,,,,
